Client Count CSCI B-04
Generated: 2015-Nov-07, 10:30:01 GMT+00:00
Report By: Floor Area
Connection Protocol/SSID: All Clients/All SSIDs
Reporting Period: Last 1 hour
 
Total Client Count
Total Count,Event Time,Associated Client Count,Authenticated Client Count
total,Sat Nov 07 09:30:28 GMT+00:00 2015,0,0
total,Sat Nov 07 09:35:27 GMT+00:00 2015,0,0
total,Sat Nov 07 09:40:27 GMT+00:00 2015,0,0
total,Sat Nov 07 09:45:30 GMT+00:00 2015,0,0
total,Sat Nov 07 09:50:32 GMT+00:00 2015,0,0
total,Sat Nov 07 09:55:34 GMT+00:00 2015,0,0
total,Sat Nov 07 10:00:40 GMT+00:00 2015,0,0
total,Sat Nov 07 10:05:48 GMT+00:00 2015,0,0
total,Sat Nov 07 10:10:46 GMT+00:00 2015,0,0
total,Sat Nov 07 10:15:51 GMT+00:00 2015,0,0
total,Sat Nov 07 10:20:54 GMT+00:00 2015,0,0
total,Sat Nov 07 10:26:32 GMT+00:00 2015,0,0
Client Count
Key,Event Time,Associated Client Count,Authenticated Client Count
Belfield > Computer Science > B-004,Sat Nov 07 09:30:28 GMT+00:00 2015,0,0
Belfield > Computer Science > B-004,Sat Nov 07 09:35:27 GMT+00:00 2015,0,0
Belfield > Computer Science > B-004,Sat Nov 07 09:40:27 GMT+00:00 2015,0,0
Belfield > Computer Science > B-004,Sat Nov 07 09:45:30 GMT+00:00 2015,0,0
Belfield > Computer Science > B-004,Sat Nov 07 09:50:32 GMT+00:00 2015,0,0
Belfield > Computer Science > B-004,Sat Nov 07 09:55:34 GMT+00:00 2015,0,0
Belfield > Computer Science > B-004,Sat Nov 07 10:00:40 GMT+00:00 2015,0,0
Belfield > Computer Science > B-004,Sat Nov 07 10:05:48 GMT+00:00 2015,0,0
Belfield > Computer Science > B-004,Sat Nov 07 10:10:46 GMT+00:00 2015,0,0
Belfield > Computer Science > B-004,Sat Nov 07 10:15:51 GMT+00:00 2015,0,0
Belfield > Computer Science > B-004,Sat Nov 07 10:20:54 GMT+00:00 2015,0,0
Belfield > Computer Science > B-004,Sat Nov 07 10:26:32 GMT+00:00 2015,0,0
