Client Count CSCI B-03
Generated: 2015-Nov-17, 05:30:01 GMT+00:00
Report By: Floor Area
Connection Protocol/SSID: All Clients/All SSIDs
Reporting Period: Last 1 hour
 
Total Client Count
Total Count,Event Time,Associated Client Count,Authenticated Client Count
total,Tue Nov 17 04:30:32 GMT+00:00 2015,0,0
total,Tue Nov 17 04:35:34 GMT+00:00 2015,0,0
total,Tue Nov 17 04:40:35 GMT+00:00 2015,0,0
total,Tue Nov 17 04:45:35 GMT+00:00 2015,0,0
total,Tue Nov 17 04:50:35 GMT+00:00 2015,0,0
total,Tue Nov 17 04:55:39 GMT+00:00 2015,0,0
total,Tue Nov 17 05:00:41 GMT+00:00 2015,0,0
total,Tue Nov 17 05:05:44 GMT+00:00 2015,0,0
total,Tue Nov 17 05:10:44 GMT+00:00 2015,0,0
total,Tue Nov 17 05:15:44 GMT+00:00 2015,0,0
total,Tue Nov 17 05:20:46 GMT+00:00 2015,0,0
total,Tue Nov 17 05:25:46 GMT+00:00 2015,0,0
Client Count
Key,Event Time,Associated Client Count,Authenticated Client Count
Belfield > Computer Science > B-003,Tue Nov 17 04:30:32 GMT+00:00 2015,0,0
Belfield > Computer Science > B-003,Tue Nov 17 04:35:34 GMT+00:00 2015,0,0
Belfield > Computer Science > B-003,Tue Nov 17 04:40:35 GMT+00:00 2015,0,0
Belfield > Computer Science > B-003,Tue Nov 17 04:45:35 GMT+00:00 2015,0,0
Belfield > Computer Science > B-003,Tue Nov 17 04:50:35 GMT+00:00 2015,0,0
Belfield > Computer Science > B-003,Tue Nov 17 04:55:39 GMT+00:00 2015,0,0
Belfield > Computer Science > B-003,Tue Nov 17 05:00:41 GMT+00:00 2015,0,0
Belfield > Computer Science > B-003,Tue Nov 17 05:05:44 GMT+00:00 2015,0,0
Belfield > Computer Science > B-003,Tue Nov 17 05:10:44 GMT+00:00 2015,0,0
Belfield > Computer Science > B-003,Tue Nov 17 05:15:44 GMT+00:00 2015,0,0
Belfield > Computer Science > B-003,Tue Nov 17 05:20:46 GMT+00:00 2015,0,0
Belfield > Computer Science > B-003,Tue Nov 17 05:25:46 GMT+00:00 2015,0,0
