Client Count CSCI B-03
Generated: 2015-Nov-06, 22:30:03 GMT+00:00
Report By: Floor Area
Connection Protocol/SSID: All Clients/All SSIDs
Reporting Period: Last 1 hour
 
Total Client Count
Total Count,Event Time,Associated Client Count,Authenticated Client Count
total,Fri Nov 06 21:32:05 GMT+00:00 2015,0,0
total,Fri Nov 06 21:37:06 GMT+00:00 2015,0,0
total,Fri Nov 06 21:42:05 GMT+00:00 2015,0,0
total,Fri Nov 06 21:47:04 GMT+00:00 2015,0,0
total,Fri Nov 06 21:52:04 GMT+00:00 2015,0,0
total,Fri Nov 06 21:57:07 GMT+00:00 2015,0,0
total,Fri Nov 06 22:02:10 GMT+00:00 2015,0,0
total,Fri Nov 06 22:07:15 GMT+00:00 2015,0,0
total,Fri Nov 06 22:12:14 GMT+00:00 2015,0,0
total,Fri Nov 06 22:17:12 GMT+00:00 2015,0,0
total,Fri Nov 06 22:22:17 GMT+00:00 2015,0,0
total,Fri Nov 06 22:27:15 GMT+00:00 2015,0,0
Client Count
Key,Event Time,Associated Client Count,Authenticated Client Count
Belfield > Computer Science > B-003,Fri Nov 06 21:32:05 GMT+00:00 2015,0,0
Belfield > Computer Science > B-003,Fri Nov 06 21:37:06 GMT+00:00 2015,0,0
Belfield > Computer Science > B-003,Fri Nov 06 21:42:05 GMT+00:00 2015,0,0
Belfield > Computer Science > B-003,Fri Nov 06 21:47:04 GMT+00:00 2015,0,0
Belfield > Computer Science > B-003,Fri Nov 06 21:52:04 GMT+00:00 2015,0,0
Belfield > Computer Science > B-003,Fri Nov 06 21:57:07 GMT+00:00 2015,0,0
Belfield > Computer Science > B-003,Fri Nov 06 22:02:10 GMT+00:00 2015,0,0
Belfield > Computer Science > B-003,Fri Nov 06 22:07:15 GMT+00:00 2015,0,0
Belfield > Computer Science > B-003,Fri Nov 06 22:12:14 GMT+00:00 2015,0,0
Belfield > Computer Science > B-003,Fri Nov 06 22:17:12 GMT+00:00 2015,0,0
Belfield > Computer Science > B-003,Fri Nov 06 22:22:17 GMT+00:00 2015,0,0
Belfield > Computer Science > B-003,Fri Nov 06 22:27:15 GMT+00:00 2015,0,0
