Client Count CSCI B-03
Generated: 2015-Nov-17, 10:30:01 GMT+00:00
Report By: Floor Area
Connection Protocol/SSID: All Clients/All SSIDs
Reporting Period: Last 1 hour
 
Total Client Count
Total Count,Event Time,Associated Client Count,Authenticated Client Count
total,Tue Nov 17 09:33:31 GMT+00:00 2015,1,1
total,Tue Nov 17 09:38:29 GMT+00:00 2015,3,3
total,Tue Nov 17 09:43:40 GMT+00:00 2015,5,5
total,Tue Nov 17 09:49:20 GMT+00:00 2015,4,4
total,Tue Nov 17 09:54:38 GMT+00:00 2015,3,3
total,Tue Nov 17 10:00:11 GMT+00:00 2015,4,4
total,Tue Nov 17 10:05:12 GMT+00:00 2015,11,11
total,Tue Nov 17 10:09:49 GMT+00:00 2015,12,12
total,Tue Nov 17 10:14:45 GMT+00:00 2015,13,13
total,Tue Nov 17 10:19:36 GMT+00:00 2015,13,13
total,Tue Nov 17 10:24:46 GMT+00:00 2015,9,9
Client Count
Key,Event Time,Associated Client Count,Authenticated Client Count
Belfield > Computer Science > B-003,Tue Nov 17 09:33:31 GMT+00:00 2015,1,1
Belfield > Computer Science > B-003,Tue Nov 17 09:38:29 GMT+00:00 2015,3,3
Belfield > Computer Science > B-003,Tue Nov 17 09:43:40 GMT+00:00 2015,5,5
Belfield > Computer Science > B-003,Tue Nov 17 09:49:20 GMT+00:00 2015,4,4
Belfield > Computer Science > B-003,Tue Nov 17 09:54:38 GMT+00:00 2015,3,3
Belfield > Computer Science > B-003,Tue Nov 17 10:00:11 GMT+00:00 2015,4,4
Belfield > Computer Science > B-003,Tue Nov 17 10:05:12 GMT+00:00 2015,11,11
Belfield > Computer Science > B-003,Tue Nov 17 10:09:49 GMT+00:00 2015,12,12
Belfield > Computer Science > B-003,Tue Nov 17 10:14:45 GMT+00:00 2015,13,13
Belfield > Computer Science > B-003,Tue Nov 17 10:19:36 GMT+00:00 2015,13,13
Belfield > Computer Science > B-003,Tue Nov 17 10:24:46 GMT+00:00 2015,9,9
