Client Count CSCI B-02
Generated: 2015-Nov-05, 04:30:00 GMT+00:00
Report By: Floor Area
Connection Protocol/SSID: All Clients/All SSIDs
Reporting Period: Last 1 hour
 
Total Client Count
Total Count,Event Time,Associated Client Count,Authenticated Client Count
total,Thu Nov 05 03:33:42 GMT+00:00 2015,0,0
total,Thu Nov 05 03:38:43 GMT+00:00 2015,0,0
total,Thu Nov 05 03:43:44 GMT+00:00 2015,0,0
total,Thu Nov 05 03:48:45 GMT+00:00 2015,0,0
total,Thu Nov 05 03:53:46 GMT+00:00 2015,0,0
total,Thu Nov 05 03:58:47 GMT+00:00 2015,0,0
total,Thu Nov 05 04:03:47 GMT+00:00 2015,0,0
total,Thu Nov 05 04:08:47 GMT+00:00 2015,0,0
total,Thu Nov 05 04:13:49 GMT+00:00 2015,0,0
total,Thu Nov 05 04:18:50 GMT+00:00 2015,0,0
total,Thu Nov 05 04:23:51 GMT+00:00 2015,0,0
total,Thu Nov 05 04:28:51 GMT+00:00 2015,0,0
Client Count
Key,Event Time,Associated Client Count,Authenticated Client Count
Belfield > Computer Science > B-002,Thu Nov 05 03:33:42 GMT+00:00 2015,0,0
Belfield > Computer Science > B-002,Thu Nov 05 03:38:43 GMT+00:00 2015,0,0
Belfield > Computer Science > B-002,Thu Nov 05 03:43:44 GMT+00:00 2015,0,0
Belfield > Computer Science > B-002,Thu Nov 05 03:48:45 GMT+00:00 2015,0,0
Belfield > Computer Science > B-002,Thu Nov 05 03:53:46 GMT+00:00 2015,0,0
Belfield > Computer Science > B-002,Thu Nov 05 03:58:47 GMT+00:00 2015,0,0
Belfield > Computer Science > B-002,Thu Nov 05 04:03:47 GMT+00:00 2015,0,0
Belfield > Computer Science > B-002,Thu Nov 05 04:08:47 GMT+00:00 2015,0,0
Belfield > Computer Science > B-002,Thu Nov 05 04:13:49 GMT+00:00 2015,0,0
Belfield > Computer Science > B-002,Thu Nov 05 04:18:50 GMT+00:00 2015,0,0
Belfield > Computer Science > B-002,Thu Nov 05 04:23:51 GMT+00:00 2015,0,0
Belfield > Computer Science > B-002,Thu Nov 05 04:28:51 GMT+00:00 2015,0,0
