Client Count CSCI B-03
Generated: 2015-Nov-14, 15:30:02 GMT+00:00
Report By: Floor Area
Connection Protocol/SSID: All Clients/All SSIDs
Reporting Period: Last 1 hour
 
Total Client Count
Total Count,Event Time,Associated Client Count,Authenticated Client Count
total,Sat Nov 14 14:32:49 GMT+00:00 2015,0,0
total,Sat Nov 14 14:37:49 GMT+00:00 2015,0,0
total,Sat Nov 14 14:42:51 GMT+00:00 2015,0,0
total,Sat Nov 14 14:47:52 GMT+00:00 2015,0,0
total,Sat Nov 14 14:52:57 GMT+00:00 2015,0,0
total,Sat Nov 14 14:58:03 GMT+00:00 2015,0,0
total,Sat Nov 14 15:02:58 GMT+00:00 2015,0,0
total,Sat Nov 14 15:08:07 GMT+00:00 2015,0,0
total,Sat Nov 14 15:13:07 GMT+00:00 2015,0,0
total,Sat Nov 14 15:18:03 GMT+00:00 2015,0,0
total,Sat Nov 14 15:23:05 GMT+00:00 2015,0,0
total,Sat Nov 14 15:28:29 GMT+00:00 2015,0,0
Client Count
Key,Event Time,Associated Client Count,Authenticated Client Count
Belfield > Computer Science > B-003,Sat Nov 14 14:32:49 GMT+00:00 2015,0,0
Belfield > Computer Science > B-003,Sat Nov 14 14:37:49 GMT+00:00 2015,0,0
Belfield > Computer Science > B-003,Sat Nov 14 14:42:51 GMT+00:00 2015,0,0
Belfield > Computer Science > B-003,Sat Nov 14 14:47:52 GMT+00:00 2015,0,0
Belfield > Computer Science > B-003,Sat Nov 14 14:52:57 GMT+00:00 2015,0,0
Belfield > Computer Science > B-003,Sat Nov 14 14:58:03 GMT+00:00 2015,0,0
Belfield > Computer Science > B-003,Sat Nov 14 15:02:58 GMT+00:00 2015,0,0
Belfield > Computer Science > B-003,Sat Nov 14 15:08:07 GMT+00:00 2015,0,0
Belfield > Computer Science > B-003,Sat Nov 14 15:13:07 GMT+00:00 2015,0,0
Belfield > Computer Science > B-003,Sat Nov 14 15:18:03 GMT+00:00 2015,0,0
Belfield > Computer Science > B-003,Sat Nov 14 15:23:05 GMT+00:00 2015,0,0
Belfield > Computer Science > B-003,Sat Nov 14 15:28:29 GMT+00:00 2015,0,0
