Client Count CSCI B-02
Generated: 2015-Nov-15, 11:30:00 GMT+00:00
Report By: Floor Area
Connection Protocol/SSID: All Clients/All SSIDs
Reporting Period: Last 1 hour
 
Total Client Count
Total Count,Event Time,Associated Client Count,Authenticated Client Count
total,Sun Nov 15 10:31:26 GMT+00:00 2015,0,0
total,Sun Nov 15 10:36:28 GMT+00:00 2015,0,0
total,Sun Nov 15 10:40:06 GMT+00:00 2015,0,0
total,Sun Nov 15 10:46:31 GMT+00:00 2015,0,0
total,Sun Nov 15 10:51:30 GMT+00:00 2015,0,0
total,Sun Nov 15 10:56:32 GMT+00:00 2015,0,0
total,Sun Nov 15 11:01:35 GMT+00:00 2015,0,0
total,Sun Nov 15 11:06:36 GMT+00:00 2015,0,0
total,Sun Nov 15 11:11:36 GMT+00:00 2015,0,0
total,Sun Nov 15 11:16:37 GMT+00:00 2015,0,0
total,Sun Nov 15 11:21:42 GMT+00:00 2015,0,0
total,Sun Nov 15 11:26:39 GMT+00:00 2015,0,0
Client Count
Key,Event Time,Associated Client Count,Authenticated Client Count
Belfield > Computer Science > B-002,Sun Nov 15 10:31:26 GMT+00:00 2015,0,0
Belfield > Computer Science > B-002,Sun Nov 15 10:36:28 GMT+00:00 2015,0,0
Belfield > Computer Science > B-002,Sun Nov 15 10:40:06 GMT+00:00 2015,0,0
Belfield > Computer Science > B-002,Sun Nov 15 10:46:31 GMT+00:00 2015,0,0
Belfield > Computer Science > B-002,Sun Nov 15 10:51:30 GMT+00:00 2015,0,0
Belfield > Computer Science > B-002,Sun Nov 15 10:56:32 GMT+00:00 2015,0,0
Belfield > Computer Science > B-002,Sun Nov 15 11:01:35 GMT+00:00 2015,0,0
Belfield > Computer Science > B-002,Sun Nov 15 11:06:36 GMT+00:00 2015,0,0
Belfield > Computer Science > B-002,Sun Nov 15 11:11:36 GMT+00:00 2015,0,0
Belfield > Computer Science > B-002,Sun Nov 15 11:16:37 GMT+00:00 2015,0,0
Belfield > Computer Science > B-002,Sun Nov 15 11:21:42 GMT+00:00 2015,0,0
Belfield > Computer Science > B-002,Sun Nov 15 11:26:39 GMT+00:00 2015,0,0
