Client Count CSCI B-03
Generated: 2015-Nov-13, 07:30:00 GMT+00:00
Report By: Floor Area
Connection Protocol/SSID: All Clients/All SSIDs
Reporting Period: Last 1 hour
 
Total Client Count
Total Count,Event Time,Associated Client Count,Authenticated Client Count
total,Fri Nov 13 06:30:05 GMT+00:00 2015,0,0
total,Fri Nov 13 06:35:06 GMT+00:00 2015,0,0
total,Fri Nov 13 06:40:08 GMT+00:00 2015,0,0
total,Fri Nov 13 06:43:36 GMT+00:00 2015,0,0
total,Fri Nov 13 06:50:11 GMT+00:00 2015,0,0
total,Fri Nov 13 06:55:16 GMT+00:00 2015,0,0
total,Fri Nov 13 07:00:18 GMT+00:00 2015,0,0
total,Fri Nov 13 07:05:19 GMT+00:00 2015,0,0
total,Fri Nov 13 07:10:20 GMT+00:00 2015,0,0
total,Fri Nov 13 07:15:22 GMT+00:00 2015,0,0
total,Fri Nov 13 07:20:25 GMT+00:00 2015,0,0
total,Fri Nov 13 07:25:25 GMT+00:00 2015,0,0
Client Count
Key,Event Time,Associated Client Count,Authenticated Client Count
Belfield > Computer Science > B-003,Fri Nov 13 06:30:05 GMT+00:00 2015,0,0
Belfield > Computer Science > B-003,Fri Nov 13 06:35:06 GMT+00:00 2015,0,0
Belfield > Computer Science > B-003,Fri Nov 13 06:40:08 GMT+00:00 2015,0,0
Belfield > Computer Science > B-003,Fri Nov 13 06:43:36 GMT+00:00 2015,0,0
Belfield > Computer Science > B-003,Fri Nov 13 06:50:11 GMT+00:00 2015,0,0
Belfield > Computer Science > B-003,Fri Nov 13 06:55:16 GMT+00:00 2015,0,0
Belfield > Computer Science > B-003,Fri Nov 13 07:00:18 GMT+00:00 2015,0,0
Belfield > Computer Science > B-003,Fri Nov 13 07:05:19 GMT+00:00 2015,0,0
Belfield > Computer Science > B-003,Fri Nov 13 07:10:20 GMT+00:00 2015,0,0
Belfield > Computer Science > B-003,Fri Nov 13 07:15:22 GMT+00:00 2015,0,0
Belfield > Computer Science > B-003,Fri Nov 13 07:20:25 GMT+00:00 2015,0,0
Belfield > Computer Science > B-003,Fri Nov 13 07:25:25 GMT+00:00 2015,0,0
