Client Count CSCI B-03
Generated: 2015-Nov-04, 17:30:00 GMT+00:00
Report By: Floor Area
Connection Protocol/SSID: All Clients/All SSIDs
Reporting Period: Last 1 hour
 
Total Client Count
Total Count,Event Time,Associated Client Count,Authenticated Client Count
total,Wed Nov 04 16:34:40 GMT+00:00 2015,5,5
total,Wed Nov 04 16:39:49 GMT+00:00 2015,1,1
total,Wed Nov 04 16:45:04 GMT+00:00 2015,1,1
total,Wed Nov 04 16:49:12 GMT+00:00 2015,1,1
total,Wed Nov 04 16:55:16 GMT+00:00 2015,3,3
total,Wed Nov 04 17:00:30 GMT+00:00 2015,2,2
total,Wed Nov 04 17:05:30 GMT+00:00 2015,1,1
total,Wed Nov 04 17:10:29 GMT+00:00 2015,1,1
total,Wed Nov 04 17:15:21 GMT+00:00 2015,2,2
total,Wed Nov 04 17:20:17 GMT+00:00 2015,0,0
total,Wed Nov 04 17:25:20 GMT+00:00 2015,0,0
Client Count
Key,Event Time,Associated Client Count,Authenticated Client Count
Belfield > Computer Science > B-003,Wed Nov 04 16:34:40 GMT+00:00 2015,5,5
Belfield > Computer Science > B-003,Wed Nov 04 16:39:49 GMT+00:00 2015,1,1
Belfield > Computer Science > B-003,Wed Nov 04 16:45:04 GMT+00:00 2015,1,1
Belfield > Computer Science > B-003,Wed Nov 04 16:49:12 GMT+00:00 2015,1,1
Belfield > Computer Science > B-003,Wed Nov 04 16:55:16 GMT+00:00 2015,3,3
Belfield > Computer Science > B-003,Wed Nov 04 17:00:30 GMT+00:00 2015,2,2
Belfield > Computer Science > B-003,Wed Nov 04 17:05:30 GMT+00:00 2015,1,1
Belfield > Computer Science > B-003,Wed Nov 04 17:10:29 GMT+00:00 2015,1,1
Belfield > Computer Science > B-003,Wed Nov 04 17:15:21 GMT+00:00 2015,2,2
Belfield > Computer Science > B-003,Wed Nov 04 17:20:17 GMT+00:00 2015,0,0
Belfield > Computer Science > B-003,Wed Nov 04 17:25:20 GMT+00:00 2015,0,0
