Client Count CSCI B-04
Generated: 2015-Nov-04, 08:30:01 GMT+00:00
Report By: Floor Area
Connection Protocol/SSID: All Clients/All SSIDs
Reporting Period: Last 1 hour
 
Total Client Count
Total Count,Event Time,Associated Client Count,Authenticated Client Count
total,Wed Nov 04 07:34:57 GMT+00:00 2015,0,0
total,Wed Nov 04 07:39:58 GMT+00:00 2015,0,0
total,Wed Nov 04 07:45:04 GMT+00:00 2015,0,0
total,Wed Nov 04 07:50:08 GMT+00:00 2015,0,0
total,Wed Nov 04 07:55:06 GMT+00:00 2015,0,0
total,Wed Nov 04 08:00:09 GMT+00:00 2015,0,0
total,Wed Nov 04 08:05:18 GMT+00:00 2015,1,1
total,Wed Nov 04 08:10:19 GMT+00:00 2015,2,2
total,Wed Nov 04 08:15:24 GMT+00:00 2015,2,2
total,Wed Nov 04 08:20:26 GMT+00:00 2015,2,2
total,Wed Nov 04 08:25:42 GMT+00:00 2015,3,3
Client Count
Key,Event Time,Associated Client Count,Authenticated Client Count
Belfield > Computer Science > B-004,Wed Nov 04 07:34:57 GMT+00:00 2015,0,0
Belfield > Computer Science > B-004,Wed Nov 04 07:39:58 GMT+00:00 2015,0,0
Belfield > Computer Science > B-004,Wed Nov 04 07:45:04 GMT+00:00 2015,0,0
Belfield > Computer Science > B-004,Wed Nov 04 07:50:08 GMT+00:00 2015,0,0
Belfield > Computer Science > B-004,Wed Nov 04 07:55:06 GMT+00:00 2015,0,0
Belfield > Computer Science > B-004,Wed Nov 04 08:00:09 GMT+00:00 2015,0,0
Belfield > Computer Science > B-004,Wed Nov 04 08:05:18 GMT+00:00 2015,1,1
Belfield > Computer Science > B-004,Wed Nov 04 08:10:19 GMT+00:00 2015,2,2
Belfield > Computer Science > B-004,Wed Nov 04 08:15:24 GMT+00:00 2015,2,2
Belfield > Computer Science > B-004,Wed Nov 04 08:20:26 GMT+00:00 2015,2,2
Belfield > Computer Science > B-004,Wed Nov 04 08:25:42 GMT+00:00 2015,3,3
