Client Count CSCI B-04
Generated: 2015-Nov-03, 18:30:02 GMT+00:00
Report By: Floor Area
Connection Protocol/SSID: All Clients/All SSIDs
Reporting Period: Last 1 hour
 
Total Client Count
Total Count,Event Time,Associated Client Count,Authenticated Client Count
total,Tue Nov 03 17:31:10 GMT+00:00 2015,0,0
total,Tue Nov 03 17:36:17 GMT+00:00 2015,1,1
total,Tue Nov 03 17:41:23 GMT+00:00 2015,0,0
total,Tue Nov 03 17:46:31 GMT+00:00 2015,0,0
total,Tue Nov 03 17:51:37 GMT+00:00 2015,1,1
total,Tue Nov 03 17:56:38 GMT+00:00 2015,1,1
total,Tue Nov 03 18:01:37 GMT+00:00 2015,0,0
total,Tue Nov 03 18:06:37 GMT+00:00 2015,0,0
total,Tue Nov 03 18:12:25 GMT+00:00 2015,0,0
total,Tue Nov 03 18:16:35 GMT+00:00 2015,0,0
total,Tue Nov 03 18:21:38 GMT+00:00 2015,0,0
total,Tue Nov 03 18:26:28 GMT+00:00 2015,0,0
Client Count
Key,Event Time,Associated Client Count,Authenticated Client Count
Belfield > Computer Science > B-004,Tue Nov 03 17:31:10 GMT+00:00 2015,0,0
Belfield > Computer Science > B-004,Tue Nov 03 17:36:17 GMT+00:00 2015,1,1
Belfield > Computer Science > B-004,Tue Nov 03 17:41:23 GMT+00:00 2015,0,0
Belfield > Computer Science > B-004,Tue Nov 03 17:46:31 GMT+00:00 2015,0,0
Belfield > Computer Science > B-004,Tue Nov 03 17:51:37 GMT+00:00 2015,1,1
Belfield > Computer Science > B-004,Tue Nov 03 17:56:38 GMT+00:00 2015,1,1
Belfield > Computer Science > B-004,Tue Nov 03 18:01:37 GMT+00:00 2015,0,0
Belfield > Computer Science > B-004,Tue Nov 03 18:06:37 GMT+00:00 2015,0,0
Belfield > Computer Science > B-004,Tue Nov 03 18:12:25 GMT+00:00 2015,0,0
Belfield > Computer Science > B-004,Tue Nov 03 18:16:35 GMT+00:00 2015,0,0
Belfield > Computer Science > B-004,Tue Nov 03 18:21:38 GMT+00:00 2015,0,0
Belfield > Computer Science > B-004,Tue Nov 03 18:26:28 GMT+00:00 2015,0,0
