Client Count CSCI B-04
Generated: 2015-Nov-08, 19:30:01 GMT+00:00
Report By: Floor Area
Connection Protocol/SSID: All Clients/All SSIDs
Reporting Period: Last 1 hour
 
Total Client Count
Total Count,Event Time,Associated Client Count,Authenticated Client Count
total,Sun Nov 08 18:33:37 GMT+00:00 2015,0,0
total,Sun Nov 08 18:38:39 GMT+00:00 2015,0,0
total,Sun Nov 08 18:43:40 GMT+00:00 2015,0,0
total,Sun Nov 08 18:48:45 GMT+00:00 2015,0,0
total,Sun Nov 08 18:53:50 GMT+00:00 2015,0,0
total,Sun Nov 08 18:58:42 GMT+00:00 2015,0,0
total,Sun Nov 08 19:03:45 GMT+00:00 2015,0,0
total,Sun Nov 08 19:08:48 GMT+00:00 2015,0,0
total,Sun Nov 08 19:13:56 GMT+00:00 2015,0,0
total,Sun Nov 08 19:18:54 GMT+00:00 2015,0,0
total,Sun Nov 08 19:23:56 GMT+00:00 2015,0,0
total,Sun Nov 08 19:28:56 GMT+00:00 2015,0,0
Client Count
Key,Event Time,Associated Client Count,Authenticated Client Count
Belfield > Computer Science > B-004,Sun Nov 08 18:33:37 GMT+00:00 2015,0,0
Belfield > Computer Science > B-004,Sun Nov 08 18:38:39 GMT+00:00 2015,0,0
Belfield > Computer Science > B-004,Sun Nov 08 18:43:40 GMT+00:00 2015,0,0
Belfield > Computer Science > B-004,Sun Nov 08 18:48:45 GMT+00:00 2015,0,0
Belfield > Computer Science > B-004,Sun Nov 08 18:53:50 GMT+00:00 2015,0,0
Belfield > Computer Science > B-004,Sun Nov 08 18:58:42 GMT+00:00 2015,0,0
Belfield > Computer Science > B-004,Sun Nov 08 19:03:45 GMT+00:00 2015,0,0
Belfield > Computer Science > B-004,Sun Nov 08 19:08:48 GMT+00:00 2015,0,0
Belfield > Computer Science > B-004,Sun Nov 08 19:13:56 GMT+00:00 2015,0,0
Belfield > Computer Science > B-004,Sun Nov 08 19:18:54 GMT+00:00 2015,0,0
Belfield > Computer Science > B-004,Sun Nov 08 19:23:56 GMT+00:00 2015,0,0
Belfield > Computer Science > B-004,Sun Nov 08 19:28:56 GMT+00:00 2015,0,0
