Client Count CSCI B-03
Generated: 2015-Nov-13, 13:30:00 GMT+00:00
Report By: Floor Area
Connection Protocol/SSID: All Clients/All SSIDs
Reporting Period: Last 1 hour
 
Total Client Count
Total Count,Event Time,Associated Client Count,Authenticated Client Count
total,Fri Nov 13 12:30:02 GMT+00:00 2015,29,29
total,Fri Nov 13 12:35:11 GMT+00:00 2015,28,28
total,Fri Nov 13 12:40:15 GMT+00:00 2015,27,27
total,Fri Nov 13 12:45:19 GMT+00:00 2015,23,23
total,Fri Nov 13 12:50:41 GMT+00:00 2015,25,25
total,Fri Nov 13 12:55:37 GMT+00:00 2015,23,23
total,Fri Nov 13 13:01:23 GMT+00:00 2015,23,22
total,Fri Nov 13 13:06:11 GMT+00:00 2015,13,13
total,Fri Nov 13 13:10:46 GMT+00:00 2015,12,12
total,Fri Nov 13 13:15:47 GMT+00:00 2015,14,14
total,Fri Nov 13 13:20:42 GMT+00:00 2015,14,14
total,Fri Nov 13 13:25:38 GMT+00:00 2015,14,14
Client Count
Key,Event Time,Associated Client Count,Authenticated Client Count
Belfield > Computer Science > B-003,Fri Nov 13 12:30:02 GMT+00:00 2015,29,29
Belfield > Computer Science > B-003,Fri Nov 13 12:35:11 GMT+00:00 2015,28,28
Belfield > Computer Science > B-003,Fri Nov 13 12:40:15 GMT+00:00 2015,27,27
Belfield > Computer Science > B-003,Fri Nov 13 12:45:19 GMT+00:00 2015,23,23
Belfield > Computer Science > B-003,Fri Nov 13 12:50:41 GMT+00:00 2015,25,25
Belfield > Computer Science > B-003,Fri Nov 13 12:55:37 GMT+00:00 2015,23,23
Belfield > Computer Science > B-003,Fri Nov 13 13:01:23 GMT+00:00 2015,23,22
Belfield > Computer Science > B-003,Fri Nov 13 13:06:11 GMT+00:00 2015,13,13
Belfield > Computer Science > B-003,Fri Nov 13 13:10:46 GMT+00:00 2015,12,12
Belfield > Computer Science > B-003,Fri Nov 13 13:15:47 GMT+00:00 2015,14,14
Belfield > Computer Science > B-003,Fri Nov 13 13:20:42 GMT+00:00 2015,14,14
Belfield > Computer Science > B-003,Fri Nov 13 13:25:38 GMT+00:00 2015,14,14
