Client Count CSCI B-03
Generated: 2015-Nov-12, 21:30:00 GMT+00:00
Report By: Floor Area
Connection Protocol/SSID: All Clients/All SSIDs
Reporting Period: Last 1 hour
 
Total Client Count
Total Count,Event Time,Associated Client Count,Authenticated Client Count
total,Thu Nov 12 20:34:25 GMT+00:00 2015,0,0
total,Thu Nov 12 20:39:19 GMT+00:00 2015,0,0
total,Thu Nov 12 20:44:23 GMT+00:00 2015,0,0
total,Thu Nov 12 20:49:18 GMT+00:00 2015,0,0
total,Thu Nov 12 20:54:20 GMT+00:00 2015,0,0
total,Thu Nov 12 20:59:32 GMT+00:00 2015,0,0
total,Thu Nov 12 21:04:23 GMT+00:00 2015,0,0
total,Thu Nov 12 21:09:26 GMT+00:00 2015,0,0
total,Thu Nov 12 21:14:26 GMT+00:00 2015,0,0
total,Thu Nov 12 21:19:28 GMT+00:00 2015,0,0
total,Thu Nov 12 21:24:26 GMT+00:00 2015,0,0
total,Thu Nov 12 21:29:29 GMT+00:00 2015,0,0
Client Count
Key,Event Time,Associated Client Count,Authenticated Client Count
Belfield > Computer Science > B-003,Thu Nov 12 20:34:25 GMT+00:00 2015,0,0
Belfield > Computer Science > B-003,Thu Nov 12 20:39:19 GMT+00:00 2015,0,0
Belfield > Computer Science > B-003,Thu Nov 12 20:44:23 GMT+00:00 2015,0,0
Belfield > Computer Science > B-003,Thu Nov 12 20:49:18 GMT+00:00 2015,0,0
Belfield > Computer Science > B-003,Thu Nov 12 20:54:20 GMT+00:00 2015,0,0
Belfield > Computer Science > B-003,Thu Nov 12 20:59:32 GMT+00:00 2015,0,0
Belfield > Computer Science > B-003,Thu Nov 12 21:04:23 GMT+00:00 2015,0,0
Belfield > Computer Science > B-003,Thu Nov 12 21:09:26 GMT+00:00 2015,0,0
Belfield > Computer Science > B-003,Thu Nov 12 21:14:26 GMT+00:00 2015,0,0
Belfield > Computer Science > B-003,Thu Nov 12 21:19:28 GMT+00:00 2015,0,0
Belfield > Computer Science > B-003,Thu Nov 12 21:24:26 GMT+00:00 2015,0,0
Belfield > Computer Science > B-003,Thu Nov 12 21:29:29 GMT+00:00 2015,0,0
