Client Count CSCI B-02
Generated: 2015-Nov-08, 21:30:00 GMT+00:00
Report By: Floor Area
Connection Protocol/SSID: All Clients/All SSIDs
Reporting Period: Last 1 hour
 
Total Client Count
Total Count,Event Time,Associated Client Count,Authenticated Client Count
total,Sun Nov 08 20:34:17 GMT+00:00 2015,0,0
total,Sun Nov 08 20:39:13 GMT+00:00 2015,0,0
total,Sun Nov 08 20:44:16 GMT+00:00 2015,0,0
total,Sun Nov 08 20:49:20 GMT+00:00 2015,0,0
total,Sun Nov 08 20:54:23 GMT+00:00 2015,0,0
total,Sun Nov 08 20:59:22 GMT+00:00 2015,0,0
total,Sun Nov 08 21:04:22 GMT+00:00 2015,0,0
total,Sun Nov 08 21:09:24 GMT+00:00 2015,0,0
total,Sun Nov 08 21:14:22 GMT+00:00 2015,0,0
total,Sun Nov 08 21:19:26 GMT+00:00 2015,0,0
total,Sun Nov 08 21:24:27 GMT+00:00 2015,0,0
total,Sun Nov 08 21:29:26 GMT+00:00 2015,0,0
Client Count
Key,Event Time,Associated Client Count,Authenticated Client Count
Belfield > Computer Science > B-002,Sun Nov 08 20:34:17 GMT+00:00 2015,0,0
Belfield > Computer Science > B-002,Sun Nov 08 20:39:13 GMT+00:00 2015,0,0
Belfield > Computer Science > B-002,Sun Nov 08 20:44:16 GMT+00:00 2015,0,0
Belfield > Computer Science > B-002,Sun Nov 08 20:49:20 GMT+00:00 2015,0,0
Belfield > Computer Science > B-002,Sun Nov 08 20:54:23 GMT+00:00 2015,0,0
Belfield > Computer Science > B-002,Sun Nov 08 20:59:22 GMT+00:00 2015,0,0
Belfield > Computer Science > B-002,Sun Nov 08 21:04:22 GMT+00:00 2015,0,0
Belfield > Computer Science > B-002,Sun Nov 08 21:09:24 GMT+00:00 2015,0,0
Belfield > Computer Science > B-002,Sun Nov 08 21:14:22 GMT+00:00 2015,0,0
Belfield > Computer Science > B-002,Sun Nov 08 21:19:26 GMT+00:00 2015,0,0
Belfield > Computer Science > B-002,Sun Nov 08 21:24:27 GMT+00:00 2015,0,0
Belfield > Computer Science > B-002,Sun Nov 08 21:29:26 GMT+00:00 2015,0,0
