Client Count CSCI B-02
Generated: 2015-Nov-10, 06:30:00 GMT+00:00
Report By: Floor Area
Connection Protocol/SSID: All Clients/All SSIDs
Reporting Period: Last 1 hour
 
Total Client Count
Total Count,Event Time,Associated Client Count,Authenticated Client Count
total,Tue Nov 10 05:30:35 GMT+00:00 2015,0,0
total,Tue Nov 10 05:35:35 GMT+00:00 2015,0,0
total,Tue Nov 10 05:40:38 GMT+00:00 2015,0,0
total,Tue Nov 10 05:45:44 GMT+00:00 2015,0,0
total,Tue Nov 10 05:50:58 GMT+00:00 2015,0,0
total,Tue Nov 10 05:55:42 GMT+00:00 2015,0,0
total,Tue Nov 10 06:00:44 GMT+00:00 2015,0,0
total,Tue Nov 10 06:05:45 GMT+00:00 2015,0,0
total,Tue Nov 10 06:10:44 GMT+00:00 2015,0,0
total,Tue Nov 10 06:15:48 GMT+00:00 2015,0,0
total,Tue Nov 10 06:20:47 GMT+00:00 2015,0,0
total,Tue Nov 10 06:25:49 GMT+00:00 2015,0,0
Client Count
Key,Event Time,Associated Client Count,Authenticated Client Count
Belfield > Computer Science > B-002,Tue Nov 10 05:30:35 GMT+00:00 2015,0,0
Belfield > Computer Science > B-002,Tue Nov 10 05:35:35 GMT+00:00 2015,0,0
Belfield > Computer Science > B-002,Tue Nov 10 05:40:38 GMT+00:00 2015,0,0
Belfield > Computer Science > B-002,Tue Nov 10 05:45:44 GMT+00:00 2015,0,0
Belfield > Computer Science > B-002,Tue Nov 10 05:50:58 GMT+00:00 2015,0,0
Belfield > Computer Science > B-002,Tue Nov 10 05:55:42 GMT+00:00 2015,0,0
Belfield > Computer Science > B-002,Tue Nov 10 06:00:44 GMT+00:00 2015,0,0
Belfield > Computer Science > B-002,Tue Nov 10 06:05:45 GMT+00:00 2015,0,0
Belfield > Computer Science > B-002,Tue Nov 10 06:10:44 GMT+00:00 2015,0,0
Belfield > Computer Science > B-002,Tue Nov 10 06:15:48 GMT+00:00 2015,0,0
Belfield > Computer Science > B-002,Tue Nov 10 06:20:47 GMT+00:00 2015,0,0
Belfield > Computer Science > B-002,Tue Nov 10 06:25:49 GMT+00:00 2015,0,0
