Client Count CSCI B-02
Generated: 2015-Nov-09, 00:30:01 GMT+00:00
Report By: Floor Area
Connection Protocol/SSID: All Clients/All SSIDs
Reporting Period: Last 1 hour
 
Total Client Count
Total Count,Event Time,Associated Client Count,Authenticated Client Count
total,Sun Nov 08 23:34:54 GMT+00:00 2015,0,0
total,Sun Nov 08 23:39:56 GMT+00:00 2015,0,0
total,Sun Nov 08 23:44:57 GMT+00:00 2015,0,0
total,Sun Nov 08 23:49:58 GMT+00:00 2015,0,0
total,Sun Nov 08 23:54:58 GMT+00:00 2015,0,0
total,Sun Nov 08 23:59:59 GMT+00:00 2015,0,0
total,Mon Nov 09 00:05:10 GMT+00:00 2015,0,0
total,Mon Nov 09 00:10:55 GMT+00:00 2015,0,0
total,Mon Nov 09 00:15:06 GMT+00:00 2015,0,0
total,Mon Nov 09 00:20:11 GMT+00:00 2015,0,0
total,Mon Nov 09 00:25:08 GMT+00:00 2015,0,0
Client Count
Key,Event Time,Associated Client Count,Authenticated Client Count
Belfield > Computer Science > B-002,Sun Nov 08 23:34:54 GMT+00:00 2015,0,0
Belfield > Computer Science > B-002,Sun Nov 08 23:39:56 GMT+00:00 2015,0,0
Belfield > Computer Science > B-002,Sun Nov 08 23:44:57 GMT+00:00 2015,0,0
Belfield > Computer Science > B-002,Sun Nov 08 23:49:58 GMT+00:00 2015,0,0
Belfield > Computer Science > B-002,Sun Nov 08 23:54:58 GMT+00:00 2015,0,0
Belfield > Computer Science > B-002,Sun Nov 08 23:59:59 GMT+00:00 2015,0,0
Belfield > Computer Science > B-002,Mon Nov 09 00:05:10 GMT+00:00 2015,0,0
Belfield > Computer Science > B-002,Mon Nov 09 00:10:55 GMT+00:00 2015,0,0
Belfield > Computer Science > B-002,Mon Nov 09 00:15:06 GMT+00:00 2015,0,0
Belfield > Computer Science > B-002,Mon Nov 09 00:20:11 GMT+00:00 2015,0,0
Belfield > Computer Science > B-002,Mon Nov 09 00:25:08 GMT+00:00 2015,0,0
