Client Count CSCI B-04
Generated: 2015-Nov-10, 21:30:02 GMT+00:00
Report By: Floor Area
Connection Protocol/SSID: All Clients/All SSIDs
Reporting Period: Last 1 hour
 
Total Client Count
Total Count,Event Time,Associated Client Count,Authenticated Client Count
total,Tue Nov 10 20:33:34 GMT+00:00 2015,0,0
total,Tue Nov 10 20:38:27 GMT+00:00 2015,0,0
total,Tue Nov 10 20:43:33 GMT+00:00 2015,0,0
total,Tue Nov 10 20:48:31 GMT+00:00 2015,0,0
total,Tue Nov 10 20:53:26 GMT+00:00 2015,0,0
total,Tue Nov 10 20:58:35 GMT+00:00 2015,0,0
total,Tue Nov 10 21:03:41 GMT+00:00 2015,0,0
total,Tue Nov 10 21:08:33 GMT+00:00 2015,0,0
total,Tue Nov 10 21:13:35 GMT+00:00 2015,0,0
total,Tue Nov 10 21:18:34 GMT+00:00 2015,0,0
total,Tue Nov 10 21:23:38 GMT+00:00 2015,0,0
total,Tue Nov 10 21:28:42 GMT+00:00 2015,0,0
Client Count
Key,Event Time,Associated Client Count,Authenticated Client Count
Belfield > Computer Science > B-004,Tue Nov 10 20:33:34 GMT+00:00 2015,0,0
Belfield > Computer Science > B-004,Tue Nov 10 20:38:27 GMT+00:00 2015,0,0
Belfield > Computer Science > B-004,Tue Nov 10 20:43:33 GMT+00:00 2015,0,0
Belfield > Computer Science > B-004,Tue Nov 10 20:48:31 GMT+00:00 2015,0,0
Belfield > Computer Science > B-004,Tue Nov 10 20:53:26 GMT+00:00 2015,0,0
Belfield > Computer Science > B-004,Tue Nov 10 20:58:35 GMT+00:00 2015,0,0
Belfield > Computer Science > B-004,Tue Nov 10 21:03:41 GMT+00:00 2015,0,0
Belfield > Computer Science > B-004,Tue Nov 10 21:08:33 GMT+00:00 2015,0,0
Belfield > Computer Science > B-004,Tue Nov 10 21:13:35 GMT+00:00 2015,0,0
Belfield > Computer Science > B-004,Tue Nov 10 21:18:34 GMT+00:00 2015,0,0
Belfield > Computer Science > B-004,Tue Nov 10 21:23:38 GMT+00:00 2015,0,0
Belfield > Computer Science > B-004,Tue Nov 10 21:28:42 GMT+00:00 2015,0,0
