Client Count CSCI B-03
Generated: 2015-Nov-09, 19:30:00 GMT+00:00
Report By: Floor Area
Connection Protocol/SSID: All Clients/All SSIDs
Reporting Period: Last 1 hour
 
Total Client Count
Total Count,Event Time,Associated Client Count,Authenticated Client Count
total,Mon Nov 09 18:32:34 GMT+00:00 2015,0,0
total,Mon Nov 09 18:37:30 GMT+00:00 2015,0,0
total,Mon Nov 09 18:42:37 GMT+00:00 2015,0,0
total,Mon Nov 09 18:48:00 GMT+00:00 2015,0,0
total,Mon Nov 09 18:52:37 GMT+00:00 2015,0,0
total,Mon Nov 09 18:57:44 GMT+00:00 2015,0,0
total,Mon Nov 09 19:02:44 GMT+00:00 2015,0,0
total,Mon Nov 09 19:07:49 GMT+00:00 2015,0,0
total,Mon Nov 09 19:12:43 GMT+00:00 2015,0,0
total,Mon Nov 09 19:17:43 GMT+00:00 2015,0,0
total,Mon Nov 09 19:22:54 GMT+00:00 2015,0,0
total,Mon Nov 09 19:27:49 GMT+00:00 2015,0,0
Client Count
Key,Event Time,Associated Client Count,Authenticated Client Count
Belfield > Computer Science > B-003,Mon Nov 09 18:32:34 GMT+00:00 2015,0,0
Belfield > Computer Science > B-003,Mon Nov 09 18:37:30 GMT+00:00 2015,0,0
Belfield > Computer Science > B-003,Mon Nov 09 18:42:37 GMT+00:00 2015,0,0
Belfield > Computer Science > B-003,Mon Nov 09 18:48:00 GMT+00:00 2015,0,0
Belfield > Computer Science > B-003,Mon Nov 09 18:52:37 GMT+00:00 2015,0,0
Belfield > Computer Science > B-003,Mon Nov 09 18:57:44 GMT+00:00 2015,0,0
Belfield > Computer Science > B-003,Mon Nov 09 19:02:44 GMT+00:00 2015,0,0
Belfield > Computer Science > B-003,Mon Nov 09 19:07:49 GMT+00:00 2015,0,0
Belfield > Computer Science > B-003,Mon Nov 09 19:12:43 GMT+00:00 2015,0,0
Belfield > Computer Science > B-003,Mon Nov 09 19:17:43 GMT+00:00 2015,0,0
Belfield > Computer Science > B-003,Mon Nov 09 19:22:54 GMT+00:00 2015,0,0
Belfield > Computer Science > B-003,Mon Nov 09 19:27:49 GMT+00:00 2015,0,0
