Client Count CSCI B-03
Generated: 2015-Nov-13, 01:30:03 GMT+00:00
Report By: Floor Area
Connection Protocol/SSID: All Clients/All SSIDs
Reporting Period: Last 1 hour
 
Total Client Count
Total Count,Event Time,Associated Client Count,Authenticated Client Count
total,Fri Nov 13 00:33:52 GMT+00:00 2015,0,0
total,Fri Nov 13 00:38:49 GMT+00:00 2015,0,0
total,Fri Nov 13 00:43:45 GMT+00:00 2015,0,0
total,Fri Nov 13 00:48:45 GMT+00:00 2015,0,0
total,Fri Nov 13 00:53:52 GMT+00:00 2015,0,0
total,Fri Nov 13 00:58:45 GMT+00:00 2015,0,0
total,Fri Nov 13 01:04:07 GMT+00:00 2015,0,0
total,Fri Nov 13 01:08:51 GMT+00:00 2015,0,0
total,Fri Nov 13 01:13:54 GMT+00:00 2015,0,0
total,Fri Nov 13 01:18:51 GMT+00:00 2015,0,0
total,Fri Nov 13 01:23:53 GMT+00:00 2015,0,0
total,Fri Nov 13 01:28:54 GMT+00:00 2015,0,0
Client Count
Key,Event Time,Associated Client Count,Authenticated Client Count
Belfield > Computer Science > B-003,Fri Nov 13 00:33:52 GMT+00:00 2015,0,0
Belfield > Computer Science > B-003,Fri Nov 13 00:38:49 GMT+00:00 2015,0,0
Belfield > Computer Science > B-003,Fri Nov 13 00:43:45 GMT+00:00 2015,0,0
Belfield > Computer Science > B-003,Fri Nov 13 00:48:45 GMT+00:00 2015,0,0
Belfield > Computer Science > B-003,Fri Nov 13 00:53:52 GMT+00:00 2015,0,0
Belfield > Computer Science > B-003,Fri Nov 13 00:58:45 GMT+00:00 2015,0,0
Belfield > Computer Science > B-003,Fri Nov 13 01:04:07 GMT+00:00 2015,0,0
Belfield > Computer Science > B-003,Fri Nov 13 01:08:51 GMT+00:00 2015,0,0
Belfield > Computer Science > B-003,Fri Nov 13 01:13:54 GMT+00:00 2015,0,0
Belfield > Computer Science > B-003,Fri Nov 13 01:18:51 GMT+00:00 2015,0,0
Belfield > Computer Science > B-003,Fri Nov 13 01:23:53 GMT+00:00 2015,0,0
Belfield > Computer Science > B-003,Fri Nov 13 01:28:54 GMT+00:00 2015,0,0
