Client Count CSCI B-02
Generated: 2015-Nov-09, 06:30:00 GMT+00:00
Report By: Floor Area
Connection Protocol/SSID: All Clients/All SSIDs
Reporting Period: Last 1 hour
 
Total Client Count
Total Count,Event Time,Associated Client Count,Authenticated Client Count
total,Mon Nov 09 05:31:02 GMT+00:00 2015,0,0
total,Mon Nov 09 05:36:04 GMT+00:00 2015,0,0
total,Mon Nov 09 05:41:06 GMT+00:00 2015,0,0
total,Mon Nov 09 05:46:06 GMT+00:00 2015,0,0
total,Mon Nov 09 05:51:08 GMT+00:00 2015,0,0
total,Mon Nov 09 05:56:12 GMT+00:00 2015,0,0
total,Mon Nov 09 06:01:13 GMT+00:00 2015,0,0
total,Mon Nov 09 06:06:15 GMT+00:00 2015,0,0
total,Mon Nov 09 06:11:14 GMT+00:00 2015,1,1
total,Mon Nov 09 06:16:17 GMT+00:00 2015,1,1
total,Mon Nov 09 06:21:19 GMT+00:00 2015,2,2
total,Mon Nov 09 06:26:20 GMT+00:00 2015,1,1
Client Count
Key,Event Time,Associated Client Count,Authenticated Client Count
Belfield > Computer Science > B-002,Mon Nov 09 05:31:02 GMT+00:00 2015,0,0
Belfield > Computer Science > B-002,Mon Nov 09 05:36:04 GMT+00:00 2015,0,0
Belfield > Computer Science > B-002,Mon Nov 09 05:41:06 GMT+00:00 2015,0,0
Belfield > Computer Science > B-002,Mon Nov 09 05:46:06 GMT+00:00 2015,0,0
Belfield > Computer Science > B-002,Mon Nov 09 05:51:08 GMT+00:00 2015,0,0
Belfield > Computer Science > B-002,Mon Nov 09 05:56:12 GMT+00:00 2015,0,0
Belfield > Computer Science > B-002,Mon Nov 09 06:01:13 GMT+00:00 2015,0,0
Belfield > Computer Science > B-002,Mon Nov 09 06:06:15 GMT+00:00 2015,0,0
Belfield > Computer Science > B-002,Mon Nov 09 06:11:14 GMT+00:00 2015,1,1
Belfield > Computer Science > B-002,Mon Nov 09 06:16:17 GMT+00:00 2015,1,1
Belfield > Computer Science > B-002,Mon Nov 09 06:21:19 GMT+00:00 2015,2,2
Belfield > Computer Science > B-002,Mon Nov 09 06:26:20 GMT+00:00 2015,1,1
